{"cameraMode":{"drawMode":0,"name":"Shaded","section":"Shading Mode"},"sceneLighting":true,"audioPlay":false,"sceneViewState":{"m_AlwaysRefresh":false,"showFog":true,"showSkybox":true,"showFlares":true,"showImageEffects":true,"showParticleSystems":true,"showVisualEffectGraphs":true,"m_FxEnabled":false},"in2DMode":false,"pivot":{"x":1.2139766216278077,"y":0.9831587076187134,"z":-0.20076748728752137},"rotation":{"x":-0.0958651676774025,"y":-0.7118250727653503,"z":0.09908793866634369,"w":-0.6887107491493225},"size":3.992255926132202,"orthographic":false}