{"cameraMode":{"drawMode":0,"name":"Shaded","section":"Shading Mode"},"sceneLighting":true,"audioPlay":false,"sceneViewState":{"m_AlwaysRefresh":false,"showFog":true,"showSkybox":true,"showFlares":true,"showImageEffects":true,"showParticleSystems":true,"showVisualEffectGraphs":true,"m_FxEnabled":false},"in2DMode":false,"pivot":{"x":-0.15609335899353028,"y":-0.7230076789855957,"z":2.502364158630371},"rotation":{"x":-0.24797877669334413,"y":0.2092757672071457,"z":-0.054957881569862369,"w":-0.9442915916442871},"size":3.0533154010772707,"orthographic":false}