{"cameraMode":{"drawMode":0,"name":"Shaded","section":"Shading Mode"},"sceneLighting":true,"audioPlay":false,"sceneViewState":{"m_AlwaysRefresh":false,"showFog":true,"showSkybox":true,"showFlares":true,"showImageEffects":true,"showParticleSystems":true,"showVisualEffectGraphs":true,"m_FxEnabled":false},"in2DMode":false,"pivot":{"x":-0.6716539263725281,"y":0.4193699359893799,"z":-1.2311431169509888},"rotation":{"x":-0.15946543216705323,"y":0.2749941349029541,"z":-0.046267714351415637,"w":-0.9470264911651611},"size":7.792167663574219,"orthographic":false}